rule,coef,support,impact
payer_company_Carrier8 > 0.5,1.2904834962003218,0.04726134585289515,0.06098998683137671
procedure_code_99349 > 0.5,5.81101231805708,0.007511737089201878,0.043650796755358344
physician_npi_1922069012 > 0.5,1.3277935895855497,0.002712571726656234,0.003601735349945153
payer_company_Carrier7 > 0.5 & procedure_code_93306 > 0.5,9.079650198415186,0.00031298904538341156,0.0028418310480172724
procedure_code_99223 > 0.5 & clinic_Saint Marys Clinic > 0.5,0.8140297429483042,0.0028169014084507044,0.002293041529431843
payer_company_Medicare > 0.5 & procedure_code_99215 > 0.5,2.963811971478594,0.0004173187271778821,0.0012368542395320163
payer_company_Carrier8 > 0.5 & procedure_code_93306 > 0.5,0.6782678695357831,0.0007303077725612937,0.0004953442970005719
procedure_code_99291 > 0.5 & clinic_Saint Marys Clinic > 0.5,1.4836378318947225,0.00031298904538341156,0.00046436238869944363
